TP,TC,PC,USERNAME,FILENAME,BIRTHYR,SEX,EDLEVEL,MATLANG,TESTDAY,TESTL,REFTEXT,FEEDB,PROTNOTE,PERSNOTE,NLR,NLF,NLX,BLR,BLF,BLX,FORMLR,FORMLF,FORMLX,NAR,NAF,NAX,MIPR,MIPF,MIPX,OR1R,OR1F,OR1X,OR2R,OR2F,OR2X,OR3R,OR3F,OR3X,OR4R,OR4F,OR4X,OR5R,OR5F,OR5X,S2DR,S2DF,S2DX,S3DR,S3DF,S3DX,PSIF1M,PSIF1F,PBOK1M,PBOK1F,PFIG1M,PFIG1F,BLFRR,SKPSM,SKPSF,SKPBM,SKPBF,SKPFM,SKPFF,SKLJR,SKLJF,MINNAR,MINNAF,MINNAX,ASSR,OFR,OFF,DNLR,DNLF,DNLX,DNLT,DBLR,DBLF,DBLX,DBLT,DFORMLR,DFORMLF,DFORMLX,DFORMLT,DNAR,DNAF,DNAX,DMIPR,DMIPF,DMIPX,DORE1R,DORE1F,DORE1X,DOR1R,DOR1F,DOR1X,DOR2R,DOR2F,DOR2X,DOR3R,DOR3F,DOR3X,DOR4R,DOR4F,DOR4X,DOR5R,DOR5F,DOR5X,DS2DR,DS2DF,DS2DX,DS3DR,DS3DF,DS3DX,DPSIF1M,DPSIF1F,DPBOK1M,DPBOK1F,DPFIG1M,DPFIG1F,DBLFRR,DSKPS1M,DSKPS1F,DSKPS2M,DSKPS2F,DSKPB1M,DSKPB1F,DSKPB2M,DSKPB2F,DSKPF1M,DSKPF1F,DSKPF2M,DSKPF2F,DSKLOGAR,DSKLOGBR,DSKADRAR,DSKADRBR,DSKTIDAR,DSKTIDBR,TX01,DMINNAR,DMINNAF,DMINNAX,EYS01,EYS02,EYS03,EYS04,EYS05,EYS06,EYS07,EYS08,EYS09,EYS10,EYS11,EYS12,EYS13,EYS14,EYS15,EYS16,EYS17,EYS18,EYS19,EYS20,IDNL,IDBL,IDFORML,IDNA,IDMIP,IDOR1,IDOR13,IDOR45,IDS2D,IDS3D,IDPSIF1,IDPBOK1,IDPFIG1,IDBLFR,IDSK,IDMINNA,IEYS
SVA1636002,AR Växjö,Dator 06,eekcaARVäxjö,C:\Users\eekcaspc\Documents\ATS5\Personer\DELS204.ATSPF,1992.0,Man,4 Avslutad 3- eller 4-årig gymnasieutbildning eller motsvarande (12- till 13-årig utbildning),Svenska/Danska/Norska,42604.0,lonpa,,,,,,,,,,,,,,,,,,,,,,,,,,,,,,,,,,,,,,,,,,,,,,,,,,,,,,,,,,,,,,,,,,,,,,,,,,,,,,,,,,,,,,,,,,,,,,,,,,,,,,,,,,,,,,,,,,,,,,,,,,,,,,,,,,,,,,,,,,,,,,,,,,,,,,,,,,,,,,,,,,,,,,,,,
SVA1636001,AR Växjö,Dator 06,eekcaARVäxjö,C:\Users\eekcaspc\Documents\ATS5\Personer\TEAW223.ATSPF,1990.0,Kvinna,"2 Grundskola, ingen avslutad yrkesutbildning (9-årig utbildning)",Svenska/Danska/Norska,42555.0,lonpa,,,,,,,,,,,,,,,,,,,,,,,,,,,,,,,,,,,,,,,,,,,,,,,,,,,,,,,,,,,,,,4.0,2.0,3.0,14.0,,,,,,,,,31.0,8.0,22.0,6.0,4.0,3.0,,,,13.0,1.0,1.0,11.0,3.0,9.0,7.0,6.0,12.0,,,,,,,15.0,1.0,0.0,13.0,0.0,1.0,87.0,4.0,70.0,4.0,61.0,7.0,,,,,,,,,,,,,,,,,,,,,,,,,,,,,,,,,,,,,,,,,,,,X282762999916649915000000000000000000000000X,,,X4263172144188572888828464458227766467750000000000000000000000000000000000000000000200019005901070036003800320033002600410044007400410049008800430044004300850152004000360210007800470048007202170071004900470164004000340125018001430052007100000000000000000000000000000000000000000000000000000000000000000000000000000000000000000000000000000000000000000000000000000000000000000000000000000000000000000000X,X0000700007000323276500023013760400601264327650003600047006903276500000000000000000000000000000000000X,,X461343332314524000000000000000232416262611416266664650000000635354656666233636466615600000X,,X0010000000000000000000001000000000000000000000010000000001000000010000000000000000000000000000100000100000000000000000000010000000000010000010001000000010000000000100000000000100100000000100000100010000000000001000000000010000001010000000000001000000000100888888888888888888888888888888888888888888888888888888888888888888888888888888888888888888888888X,X422342321491210000000000000000X,X0101010101010110111101011100010101111110011100100101001110110111010010011011101111001110000000000000000000000000000000000000000000000000000000000000000000000000000000000000000000000000000000000000000000000000000000000000000000000000000000000000000000X,X0011100011111010100101001010011010011100011011101100110100110111010011000000000000000000000000000000000000000000000000000000000000000000000000000000000000000000000000000000000000000000000000000000000000000000000000000000000000000000000000000000000000X,X0111010010100111010110000000000101101110100101010111100101111000000000000000000000000000000000000000000000000000000000000000000000000000000000000000000000000000000000000000000000000000000000000000000000000000000000000000000000000000000000000000000000X,,,,
SVA1626012,AR Växjö,Dator 06,eekcaARVäxjö,C:\Users\eekcaspc\Documents\ATS5\Personer\XDES984.ATSPF,1979.0,Kvinna,"2 Grundskola, ingen avslutad yrkesutbildning (9-årig utbildning)",Svenska/Danska/Norska,42550.0,eekca,,,,,,,,,,,,,,,,,,,,,,,,,,,,,,,,,,,,,,,,,,,,,,,,,,,,,,,,,,,,,,2.0,2.0,17.0,8.0,,,,,,,,,26.0,15.0,14.0,6.0,2.0,12.0,,,,22.0,5.0,3.0,21.0,3.0,2.0,20.0,7.0,3.0,,,,,,,11.0,8.0,1.0,14.0,3.0,1.0,30.0,2.0,84.0,8.0,103.0,9.0,,,,,,,,,,,,,,,,,,,,,,,,,,,,,,,,,,,,,,,,,,,,X282562999914999999999999999999999999999999X,,,X4263133345188582778618465457424566437775300000000000000000000000000000000000000000210021003501160022003800340044002400330048005500300046008700590025002901240199003000470184011200250023016902110041004600340175003700280034007300830095011201010098000000000000000000000000000000000000000000000000000000000000000000000000000000000000000000000000000000000000000000000000000000000000000000000000000000000000X,X0000700007000323276500023012860040832765327650003800006327653276532765327653276532765327653276532765X,,X421343322316524261544415555556232412252465414252242352460000323323251322633454235645514146X,,X0010000000000000000000001000000000000000000000010000000001000000010000000000000000000000000000100000100000000000000000000010000000100000001000000000000110000000000000000010000100100000000100000010000000000001001000000000010000001000001000000000000000100100011000100000000000100001100000000110000000000100999999999999999988888888888888888888888888888888X,X422342321441231292000000000000X,X0101000101010110111001011100010000000000000000000000000000000000000000000000000000000000000000000000000000000000000000000000000000000000000000000000000000000000000000000000000000000000000000000000000000000000000000000000000000000000000000000000000000X,X0011100001111010110101101010011010011101010011100110110100110110010011001010010000010000000000000000000000000000000000000000000000000000000000000000000000000000000000000000000000000000000000000000000000000000000000000000000000000000000000000000000000X,X0111010010000111110111100101100101101110000101010111100101111010011001101001100001101100101100100101101000000000000000000000000000000000000000000000000000000000000000000000000000000000000000000000000000000000000000000000000000000000000000000000000000X,,,,
SVA1626011,AR Växjö,Dator 06,eekcaARVäxjö,C:\Users\eekcaspc\Documents\ATS5\Personer\QWZZ119.ATSPF,1995.0,Kvinna,"2 Grundskola, ingen avslutad yrkesutbildning (9-årig utbildning)",Svenska/Danska/Norska,42543.0,eekca,,,,,,,,,,,,,,,,,,,,,,,,,,,,,,,,,,,,,,,,,,,,,,,,,,,,,,,,,,,,,,11.0,9.0,1.0,42.0,,,,,,,,,49.0,10.0,44.0,8.0,3.0,0.0,,,,20.0,7.0,0.0,22.0,5.0,1.0,13.0,13.0,1.0,,,,,,,5.0,13.0,1.0,13.0,2.0,0.0,80.0,2.0,70.0,2.0,70.0,13.0,,,,,,,,,,,,,,,,,,,,,,,,,,,,,,,,,,,,,,,,,,,,X282762835416132687371287237884547317997254X,,,X4263172544188572788628466453224764467158317431287524768446400000000000000000000000280030003200560023003300300034002400210027005200470045002500430027006400290040004000250038003200320049003500650037002000330080003700390018011100580049004300570040002101270031002800350025009600620031007001220043011400650086006201470091000000000000000000000000000000000000000000000000000000000000000000000000000000000000X,X0000700007000320000900023012860401801296009320007800047000000000000000000000000000000000000000000000X,,X421343354354524213524412525000232412252445413262252453335300335323254532613414154415124000X,,X0000000000000100000000001000000000000100000000000000000001000000010000000000000000000000100000000000100000000000000000000010000000000000001010009999999999999999000001000010000000000000100100000000010000000001000000000011000000100000000000010000001001000000000000100100100010010100000000000011000000000100888888888888888888888888888888888888888888888888X,X422442321431212000000000000000X,X0101010101010110111101011100011101111110101100110101001110110111010000111011101100000000000000000000000000000000000000000000000000000000000000000000000000000000000000000000000000000000000000000000000000000000000000000000000000000000000000000000000000X,X0011100011111010110101101010011010011100011011001110110100110111010011000000000000000000000000000000000000000000000000000000000000000000000000000000000000000000000000000000000000000000000000000000000000000000000000000000000000000000000000000000000000X,X1111010000100111010110101000000111001110100001010111100101111001111001000000000000000000000000000000000000000000000000000000000000000000000000000000000000000000000000000000000000000000000000000000000000000000000000000000000000000000000000000000000000X,,,,
SVA1626010,AR Växjö,Dator 06,eekcaARVäxjö,C:\Users\eekcaspc\Documents\ATS5\Personer\KOGF231.ATSPF,1990.0,Man,Okänd,Annat,42537.0,eekca,,,,,,,,,,,,,,,,,,,,,,,,,,,,,,,,,,,,,,,,,,,,,,,,,,,,,,,,,,,,,,7.0,2.0,0.0,18.0,,,,,,,,,32.0,7.0,26.0,9.0,3.0,0.0,,,,8.0,4.0,1.0,6.0,7.0,7.0,5.0,2.0,13.0,,,,,,,10.0,6.0,0.0,13.0,2.0,0.0,85.0,0.0,70.0,1.0,85.0,4.0,,,,,,,,,,,,,,,,,,,,,,,,,,,,,,,,,,,,,,,,,,,,X282762835416652614000000000000000000000000X,,,X4263172544188772788828465451223366467750000000000000000000000000000000000000000000210037004100970033008300610078002300560033009100290065004000760040008000530299006600500093008000340032004102200039009900460158006500340031008900560085006600000000000000000000000000000000000000000000000000000000000000000000000000000000000000000000000000000000000000000000000000000000000000000000000000000000000000000000X,X0000700007000310000900023012860400807296003070003800047006900000000000000000000000000000000000000000X,,X463313322415500000000000000000562516611441466662530000000000635626551666666663660000000000X,,X0010000000000000000000001000000000000000000000010000000000001000010000000000000000000000000000100000100000000000000000100000000000000010000010001000000010000000000001000010000000100000000100000000000000000101000010100000000000001010000000000010000000100000888888888888888888888888888888888888888888888888888888888888888888888888888888888888888888888888X,X422344221431211000000000000000X,X0101010101010110111101011100011101111110001100110101001110110111010010111011101111001000000000000000000000000000000000000000000000000000000000000000000000000000000000000000000000000000000000000000000000000000000000000000000000000000000000000000000000X,X0011100011111010010101101010011010011101011011101110110100110111000011000000000000000000000000000000000000000000000000000000000000000000000000000000000000000000000000000000000000000000000000000000000000000000000000000000000000000000000000000000000000X,X0011010010100011110111100101110101101110100101010111100101111001011001101010100101011000000000000000000000000000000000000000000000000000000000000000000000000000000000000000000000000000000000000000000000000000000000000000000000000000000000000000000000X,,,,
SVA1626009,AR Växjö,Dator 06,eekcaARVäxjö,C:\Users\eekcaspc\Documents\ATS5\Personer\HXTO047.ATSPF,1984.0,Man,4 Avslutad 3- eller 4-årig gymnasieutbildning eller motsvarande (12- till 13-årig utbildning),Svenska/Danska/Norska,42536.0,eekca,,,,,,,,,,,,,,,,,,,,,,,,,,,,,,,,,,,,,,,,,,,,,,,,,,,,,,,,,,,,,,9.0,1.0,0.0,20.0,,,,,,,,,44.0,2.0,38.0,,,,,,,8.0,1.0,0.0,8.0,4.0,10.0,3.0,3.0,6.0,,,,,,,15.0,0.0,0.0,20.0,0.0,0.0,80.0,0.0,64.0,1.0,92.0,2.0,,,,,,,,,,,,,,,,,,,,,,,,,,,,,,,,,,,,,,,,,,,,X282762835416837187370000000000000000000000X,,,X4263172544188572788628465451224764467357318431000000000000000000000000000000000000340023003000710031004900270066001700180027004900370029004100520035002700540080002500330127003800330034005803340020002700620210002200370048014400770020006202140024003201620104003100430000000000000000000000000000000000000000000000000000000000000000000000000000000000000000000000000000000000000000000000000000000000000000X,,,X421343352000000000000000000000262416266461416666624100000000625126556666000000000000000000X,,X0010000000000000000000001000000000000000000000010000000001000000010000000000000000000000000000100000100000000000000000000010000000000010000010001000000010000000000100000000000100100000000100000100010000000000001000000000010000001010000000008888888888888888888888888888888888888888888888888888888888888888888888888888888888888888888888888888888888888888X,X422342321431211422220000000000X,X0101010101010110111101011100011101111110001100110101001110110111010010111011101100000000000000000000000000000000000000000000000000000000000000000000000000000000000000000000000000000000000000000000000000000000000000000000000000000000000000000000000000X,X0011100011111010110101101010011010011101011011101110111100110111000000000000000000000000000000000000000000000000000000000000000000000000000000000000000000000000000000000000000000000000000000000000000000000000000000000000000000000000000000000000000000X,X0111010010100011010111100101110101101110100101010111100101111001011001101011101101111100101100000000000000000000000000000000000000000000000000000000000000000000000000000000000000000000000000000000000000000000000000000000000000000000000000000000000000X,,,,
SVA1626008,AR Växjö,Dator 06,eekcaARVäxjö,C:\Users\eekcaspc\Documents\ATS5\Personer\ZEMK704.ATSPF,1983.0,Kvinna,4 Avslutad 3- eller 4-årig gymnasieutbildning eller motsvarande (12- till 13-årig utbildning),Annat,42529.0,eekca,,,,,,,,,,,,,,,,,,,,,,,,,,,,,,,,,,,,,,,,,,,,,,,,,,,,,,,,,,,,,,4.0,1.0,0.0,11.0,,,,,,,,,16.0,13.0,7.0,2.0,5.0,9.0,,,,1.0,6.0,3.0,5.0,5.0,0.0,2.0,3.0,0.0,,,,,,,4.0,13.0,0.0,7.0,8.0,0.0,90.0,20.0,74.0,10.0,67.0,16.0,,,,,,,,,,,,,,,,,,,,,,,,,,,,,,,,,,,,,,,,,,,,X282762837100000000000000000000000000000000X,,,X4463135546182534585628762461200000000000000000000000000000000000000000000000000000260036007500720035003500620028003000230097008400580049008100430031005200410221004300640376012600580261027103170119000000000000000000000000000000000000000000000000000000000000000000000000000000000000000000000000000000000000000000000000000000000000000000000000000000000000000000000000000000000000000000000000000000000000X,X0000700011000370001100023327653276500120327650005732765327653276532765327653276500000000000000000000X,,X112110002400000000000000000000211112222100000000000000000000132330000000000000000000000000X,,X0010000000000000000000001000000000000100000000000000000001000000001000000000000000000000100000000000000001000000000100000000000000100000000001000000000110000000000000000010000100000001100000000010010000000000000010100000000000001010000000000011000000000000001000100000010088888888888888888888888888888888888888888888888888888888888888888888888888888888X,X444332312432244000000000000000X,X0101010100010100100101001100010001110010001000110001001110000110000010011001000110001010010000000000000000000000000000000000000000000000000000000000000000000000000000000000000000000000000000000000000000000000000000000000000000000000000000000000000000X,X0011100011110000010100101010011010011100011000110110110100110111010011011100000000000000000000000000000000000000000000000000000000000000000000000000000000000000000000000000000000000000000000000000000000000000000000000000000000000000000000000000000000X,X0110010000000111010110100001010001101110000101000010100101001010011000000000000000000000000000000000000000000000000000000000000000000000000000000000000000000000000000000000000000000000000000000000000000000000000000000000000000000000000000000000000000X,,,,
SVA1626007,AR Växjö,Dator 06,eekcaARVäxjö,C:\Users\eekcaspc\Documents\ATS5\Personer\NNSR040.ATSPF,1992.0,Man,4 Avslutad 3- eller 4-årig gymnasieutbildning eller motsvarande (12- till 13-årig utbildning),Annat,42523.0,eekca,,,,,,,,,,,,,,,,,,,,,,,,,,,,,,,,,,,,,,,,,,,,,,,,,,,,,,,,,,,,,,3.0,4.0,1.0,15.0,,,,,,,,,19.0,8.0,12.0,1.0,3.0,1.0,,,,,,,,,,,,,,,,,,,5.0,6.0,0.0,9.0,5.0,0.0,59.0,2.0,38.0,3.0,39.0,10.0,,,,,,,,,,,,,,,,,,,,,,,,,,,,,,,,,,,,,,,,,,,,X282757273114997100000000000000000000000000X,,,X4267172144138651788228415450000000000000000000000000000000000000000000000000000000260073006801370053009300390300003700740044018400280102003600950036022800430201004601740090030200460073006300000000000000000000000000000000000000000000000000000000000000000000000000000000000000000000000000000000000000000000000000000000000000000000000000000000000000000000000000000000000000000000000000000000000000000000X,X0001200018000320001332765000000000000000000000000000000000000000000000000000000000000000000000000000X,,,,X0000000000000100000000001000000000000000000000010000000001000000001000000000000000000000000000100000100000000000000000010000000000100010000000000000001001000000000001100000000088888888888888888888888888888888888888888888888888888888888888888888888888888888888888888888888888888888888888888888888888888888888888888888888888888888888888888888888888888888X,X431312321333210000000000000000X,X0101010101010110111101011100011001111110001100100101001100100000000000000000000000000000000000000000000000000000000000000000000000000000000000000000000000000000000000000000000000000000000000000000000000000000000000000000000000000000000000000000000000X,X0010100011111010110001001010011010010100000000000000000000000000000000000000000000000000000000000000000000000000000000000000000000000000000000000000000000000000000000000000000000000000000000000000000000000000000000000000000000000000000000000000000000X,X0011010010100011110111111000000111001110000000000000000000000000000000000000000000000000000000000000000000000000000000000000000000000000000000000000000000000000000000000000000000000000000000000000000000000000000000000000000000000000000000000000000000X,,,,
SVA1626006,AR Växjö,Dator 06,eekcaARVäxjö,C:\Users\eekcaspc\Documents\ATS5\Personer\ESQI293.ATSPF,1961.0,Man,"2 Grundskola, ingen avslutad yrkesutbildning (9-årig utbildning)",Svenska/Danska/Norska,42520.0,eekca,,,,,,,,,,,,,,,,,,,,,,,,,,,,,,,,,,,,,,,,,,,,,,,,,,,,,,,,,,,,,,11.0,1.0,0.0,24.0,,,,,,,,,58.0,0.0,46.0,9.0,1.0,0.0,,,,14.0,2.0,0.0,9.0,3.0,0.0,18.0,3.0,0.0,,,,,,,11.0,1.0,0.0,11.0,2.0,0.0,75.0,2.0,60.0,1.0,65.0,3.0,,,,,,,,,,,,,,,,,,,,,,,,,,,,,,,,,,,,,,,,,,,,X282762835416147187374384000000000000000000X,,,X4263172544188572788628465453224764467358318431787572786645000000000000000000000000300022002600700029002300290030001500170018006700230035004401000021002300240103002800260023003100250024002301780030001900170104002800230045010500300020002300990030003700360044002800270024004101370038011301890030009300310176004200950000000000000000000000000000000000000000000000000000000000000000000000000000000000000000X,X0000700007000320000900023012860400801296001330003800000000000000000000000000000000000000000000000000X,,X421343322313544400000000000000232413252315000000000000000000335122151322233454235000000000X,,X0010000000000000000000001000000000000100000000000000000001000000010000000000000000000000000000100000100000000000000000000010000000000010000010001000000010000000000100000000000100100000000100008888888888888888888888888888888888888888888888888888888888888888888888888888888888888888888888888888888888888888888888888888888888888888888888888888888888888888X,X442342321441200000000000000000X,X0101010101010110111101011100010101111110000100110101001110110111010010111010000000000000000000000000000000000000000000000000000000000000000000000000000000000000000000000000000000000000000000000000000000000000000000000000000000000000000000000000000000X,X0011100011111010110101001010011010011101011011101110110100010000000000000000000000000000000000000000000000000000000000000000000000000000000000000000000000000000000000000000000000000000000000000000000000000000000000000000000000000000000000000000000000X,X0111010010100111010111100001110101101110100101010111100101111000100000000000000000000000000000000000000000000000000000000000000000000000000000000000000000000000000000000000000000000000000000000000000000000000000000000000000000000000000000000000000000X,,,,
SVA1626005,AR Växjö,Dator 06,eekcaARVäxjö,C:\Users\eekcaspc\Documents\ATS5\Personer\JWAT633.ATSPF,1991.0,Man,"2 Grundskola, ingen avslutad yrkesutbildning (9-årig utbildning)",Svenska/Danska/Norska,42515.0,eekca,,,,,,,,,,,,,,,,,,,,,,,,,,,,,,,,,,,,,,,,,,,,,,,,,,,,,,,,,,,,,,12.0,0.0,3.0,25.0,,,,,,,,,43.0,2.0,42.0,14.0,2.0,0.0,,,,13.0,5.0,1.0,9.0,6.0,11.0,8.0,8.0,7.0,,,,,,,10.0,1.0,0.0,13.0,0.0,0.0,100.0,4.0,85.0,1.0,98.0,8.0,,,,,,,,,,,,,,,,,,,,,,,,,,,,,,,,,,,,,,,,,,,,X282762835416657187379984239999000000000000X,,,X4263172544188572788628465455224564467358318430000000000000000000000000000000000000190032001700740019002800230033002000260023003700270028003100410034003400210076005900290047002700240021001806150074002200730161004400200021003800310025002007560035002100460033002900000000000000000000000000000000000000000000000000000000000000000000000000000000000000000000000000000000000000000000000000000000000000000000X,X0000700007000320000900023012860400801296001090003800047006900082501430001580009000000000000000000000X,,X431343324314614422100000000000262416265655466662124336660000355326551166235665621610000000X,,X0010000000000000000000001000000000000000000000010000000001000000010000000000000000000000000000100000100000000000000000000010000000000010000010001000000010000000000001010000000088888888888888888888888888888888888888888888888888888888888888888888888888888888888888888888888888888888888888888888888888888888888888888888888888888888888888888888888888888888X,X422342321431200000000000000000X,X0101010101010110111101011100011101110110001100110101001110110101010010111011101111001100110110001011000000000000000000000000000000000000000000000000000000000000000000000000000000000000000000000000000000000000000000000000000000000000000000000000000000X,X0010100011111010110101101010011010011101011011101110110100110111010011011011111000011000000000000000000000000000000000000000000000000000000000000000000000000000000000000000000000000000000000000000000000000000000000000000000000000000000000000000000000X,X0111010010100111110111100000000101101110100101000111100101111001011001001011101000111100101100100100000000000000000000000000000000000000000000000000000000000000000000000000000000000000000000000000000000000000000000000000000000000000000000000000000000X,,,,
SVA1626003,AR Växjö,Dator 06,eekcaARVäxjö,C:\Users\eekcaspc\Documents\ATS5\Personer\LCKP577.ATSPF,1961.0,Kvinna,Okänd,Svenska/Danska/Norska,42479.0,eekca,,,,,,,,,,,,,,,,,,,,,,,,,,,,,,,,,,,,,,,,,,,,,,,,,,,,,,,,,,,,,,2.0,8.0,6.0,20.0,,,,,,,,,28.0,13.0,19.0,2.0,8.0,6.0,,,,7.0,11.0,2.0,12.0,15.0,0.0,5.0,19.0,0.0,,,,,,,3.0,9.0,0.0,7.0,5.0,0.0,79.0,17.0,85.0,14.0,73.0,16.0,,,,,,,,,,,,,,,,,,,,,,,,,,,,,,,,,,,,,,,,,,,,X272757852616992499157199991599990000000000X,,,X4263132544148582784428425454224166487811300000000000000000000000000000000000000000390037003901040026005500300150003700780030011000610081003301360060008100740087005500550079008600830054002700820060011900240062006101190033018600860122004900560070000000000000000000000000000000000000000000000000000000000000000000000000000000000000000000000000000000000000000000000000000000000000000000000000000000000000X,X0000600007000123276500030012863276532765327650002000026000303276500015327650006000000000000000000000X,,X423342344454454012050000000000232412142313151412223433115000134431541451215352112445000000X,,X0000000000000001000000001000000000000100000000000000001000000000000000000000010000000000000000100000100000000000000100000000000001000000001000000000000000110000000100000000100000000100000000108888888888888888888888888888888888888888888888888888888888888888888888888888888888888888888888888888888888888888888888888888888888888888888888888888888888888888X,X441332331433000000000000000000X,X0101010100010100100101001100011001001100001000000101001110010011010000011000001000000000000000000000000000000000000000000000000000000000000000000000000000000000000000000000000000000000000000000000000000000000000000000000000000000000000000000000000000X,X0011100001011000010101001010011010011100011000101110110100100111010010111001100000011000000000000000000000000000000000000000000000000000000000000000000000000000000000000000000000000000000000000000000000000000000000000000000000000000000000000000000000X,X0110010010000111010011010010100100101110100001000011000101111000011001001000000000000000000000000000000000000000000000000000000000000000000000000000000000000000000000000000000000000000000000000000000000000000000000000000000000000000000000000000000000X,,,,
SVA1626004,AR Växjö,Dator 06,eekcaARVäxjö,C:\Users\eekcaspc\Documents\ATS5\Personer\GGSK749.ATSPF,1966.0,Man,Okänd,Annat,42479.0,eekca,,,,,,,,,,,,,,,,,,,,,,,,,,,,,,,,,,,,,,,,,,,,,,,,,,,,,,,,,,,,,,3.0,8.0,0.0,24.0,,,,,,,,,34.0,24.0,23.0,4.0,11.0,3.0,,,,7.0,13.0,0.0,8.0,14.0,0.0,7.0,14.0,0.0,,,,,,,4.0,14.0,0.0,10.0,7.0,0.0,64.0,7.0,64.0,5.0,28.0,8.0,,,,,,,,,,,,,,,,,,,,,,,,,,,,,,,,,,,,,,,,,,,,X282763453416171765368300000000000000000000X,,,X4263172244138772785628365557242366137785318332727656776445000000000000000000000000230042002200360028004000260071003400460047004000370037005500380043007600490080005700560065003900470094006600400041005600350045002600240067002200610029009300200034003901220024003300380101002400670042005100630040007301070034008700770000000000000000000000000000000000000000000000000000000000000000000000000000000000000000X,X0000900007000240002000023012860400000108002000003700047001000030001200001803276532765327650000000000X,,X423312144425215223520000000000232511245123452215554300000000234424254231113434522000000000X,,X0010000000000000000000001000000000000000000000010000000000001000001000000000000000000000000000100000000000001000000000100000000000000010000001000000000010001000000000001100000000000010100000000010000000000001000010100000000000100100000000000001000100000000000000000110010000010000100100008888888888888888888888888888888888888888888888888888888888888888X,X412444321141214430000000000000X,X0101010101010110101101011100010101110100001100100101001100010111000000000000000000000000000000000000000000000000000000000000000000000000000000000000000000000000000000000000000000000000000000000000000000000000000000000000000000000000000000000000000000X,X0011100011011000110101001010011010011100011011001110110100110011000000000000000000000000000000000000000000000000000000000000000000000000000000000000000000000000000000000000000000000000000000000000000000000000000000000000000000000000000000000000000000X,X0110100010000111111100110001000000000000000000000000000000000000000000000000000000000000000000000000000000000000000000000000000000000000000000000000000000000000000000000000000000000000000000000000000000000000000000000000000000000000000000000000000000X,,,,
SVA1626002,AR Växjö,Dator 06,eekcaARVäxjö,C:\Users\eekcaspc\Documents\ATS5\Personer\HQFB574.ATSPF,1990.0,Man,"2 Grundskola, ingen avslutad yrkesutbildning (9-årig utbildning)",Svenska/Danska/Norska,42474.0,eekca,,,,,,,,,,,,,,,,,,,,,,,,,,,,,,,,,,,,,,,,,,,,,,,,,,,,,,,,,,,,,,8.0,4.0,4.0,27.0,,,,,,,,,22.0,8.0,16.0,2.0,11.0,3.0,,,,4.0,6.0,0.0,2.0,8.0,0.0,5.0,13.0,0.0,,,,,,,8.0,5.0,0.0,11.0,1.0,0.0,100.0,2.0,85.0,2.0,80.0,8.0,,,,,,,,,,,,,,,,,,,,,,,,,,,,,,,,,,,,,,,,,,,,X282762835416997599529987997854360000000000X,,,X4263172545558572788428675477220000000000000000000000000000000000000000000000000000220032025700610029004100430063003000540166013300360122003300720058007601210128003801030396010300510058023801150051004800000000000000000000000000000000000000000000000000000000000000000000000000000000000000000000000000000000000000000000000000000000000000000000000000000000000000000000000000000000000000000000000000000000X,X0000700009000120002500023019183276500108001000005600085000503276501520007153276500000000000000000000X,,X413324352400000000000000000000223324233300000000000000000000444334544332234343000000000000X,,X0100000000000000000000001000000000000000000000010000000001000000001000000000000000000000000000100000100000000000000000000010000000000000001010000000100000010000000100000000000100100000000100000010000000000001888888888888888888888888888888888888888888888888888888888888888888888888888888888888888888888888888888888888888888888888888888888888888888888888X,X422342221431000000000000000000X,X0101010101010110110101011100011101101110001100110101001110110111010010111011101111001110010110000001000000000000000000000000000000000000000000000000000000000000000000000000000000000000000000000000000000000000000000000000000000000000000000000000000000X,X0011100011111010010101001010011010011101011011101110110100110111010011011011111000011000000000000000000000000000000000000000000000000000000000000000000000000000000000000000000000000000000000000000000000000000000000000000000000000000000000000000000000X,X0111010010100111110111100101110010101110100101010111100000001001011001101000100100000000000000000000000000000000000000000000000000000000000000000000000000000000000000000000000000000000000000000000000000000000000000000000000000000000000000000000000000X,,,,
SVA1626001,AR Växjö,Dator 06,eekcaARVäxjö,C:\Users\eekcaspc\Documents\ATS5\Personer\IRLY412.ATSPF,1994.0,Kvinna,"2 Grundskola, ingen avslutad yrkesutbildning (9-årig utbildning)",Svenska/Danska/Norska,42466.0,eekca,,,,,,,,,,,,,,,,,,,,,,,,,,,,,,,,,,,,,,,,,,,,,,,,,,,,,,,,,,,,,,7.0,0.0,14.0,14.0,,,,,,,,,37.0,5.0,29.0,5.0,2.0,7.0,,,,13.0,5.0,8.0,9.0,4.0,17.0,6.0,5.0,18.0,,,,,,,7.0,7.0,1.0,12.0,0.0,2.0,59.0,0.0,64.0,0.0,75.0,0.0,,,,,,,,,,,,,,,,,,,,,,,,,,,,,,,,,,,,,,,,,,,,X282762999999997199999984997854999999999999X,,,X4261172544138572788628465453224764457374310000000000000000000000000000000000000000210030005200610022004400250051002400280045008900670081007000590032017500760084005600630091008700440078007300940049005401810195005000420063011400690042009700980060002800000000000000000000000000000000000000000000000000000000000000000000000000000000000000000000000000000000000000000000000000000000000000000000000000000000X,X0000700007000323276500028012860400832765327653276500085327653276532765000000000000000000000000000000X,,X461346364614614223514416660000662416656441466662224666666661636126263666613664666666616540X,,X0010000000000000000000001000000000000000000000010000000001000000010000000000000000000000100000000000100000000000000000000010000000100010000000000000100010000000000001000010000000000000101000009999999999999999000010000010000000000100000100008888888888888888888888888888888888888888888888888888888888888888888888888888888888888888888888888888888888888888X,X422342329931210000000000000000X,X0101010101010110111101011100011101111110001100110101001100100000000000000000000000000000000000000000000000000000000000000000000000000000000000000000000000000000000000000000000000000000000000000000000000000000000000000000000000000000000000000000000000X,X0011100011111010110101101010011010011101011011101110110100110111000000000000000000000000000000000000000000000000000000000000000000000000000000000000000000000000000000000000000000000000000000000000000000000000000000000000000000000000000000000000000000X,X0111010010100111110111100101110101101110100101010111100101111001011001001010000000000000000000000000000000000000000000000000000000000000000000000000000000000000000000000000000000000000000000000000000000000000000000000000000000000000000000000000000000X,,,,
SVA1616005,AR Växjö,Dator 06,eekcaARVäxjö,C:\Users\eekcaspc\Documents\ATS5\Personer\LGBK150.ATSPF,1960.0,Man,"2 Grundskola, ingen avslutad yrkesutbildning (9-årig utbildning)",Svenska/Danska/Norska,42445.0,eekca,,,,,,,,,,,,,,,,,,,,,,,,,,,,,,,,,,,,,,,,,,,,,,,,,,,,,,,,,,,,,,2.0,2.0,3.0,8.0,,,,,,,,,19.0,8.0,10.0,3.0,3.0,2.0,,,,6.0,0.0,0.0,5.0,2.0,1.0,1.0,5.0,0.0,,,,,,,6.0,4.0,0.0,7.0,1.0,0.0,75.0,16.0,50.0,4.0,39.0,9.0,,,,,,,,,,,,,,,,,,,,,,,,,,,,,,,,,,,,,,,,,,,,X286857999916990000000000000000000000000000X,,,X4263173244188782788588255450000000000000000000000000000000000000000000000000000000420088003300960029011100280063003200440066010100380034005100570026016201820392017600480151048601650055004600000000000000000000000000000000000000000000000000000000000000000000000000000000000000000000000000000000000000000000000000000000000000000000000000000000000000000000000000000000000000000000000000000000000000000000X,X0000700009000323276500013012860401132765000000000000000000000000000000000000000000000000000000000000X,,X421343000000000000000000000000262412430000000000000000000000313252000000000000000000000000X,,X0010000000000000000000001000000000000000000000010000000000001000010000000000000000000000000000100000000000001000000000000010000000000000001001000000000110000000888888888888888888888888888888888888888888888888888888888888888888888888888888888888888888888888888888888888888888888888888888888888888888888888888888888888888888888888888888888888888888888888X,X422312320000000000000000000000X,X0001010001010110101101001100010001100110000100000100001100010011000010100010000000000000000000000000000000000000000000000000000000000000000000000000000000000000000000000000000000000000000000000000000000000000000000000000000000000000000000000000000000X,X0011100111101010110101001010011010001101011010100100000000000000000000000000000000000000000000000000000000000000000000000000000000000000000000000000000000000000000000000000000000000000000000000000000000000000000000000000000000000000000000000000000000X,X0110010010100111110100101001010011000010000000000000000000000000000000000000000000000000000000000000000000000000000000000000000000000000000000000000000000000000000000000000000000000000000000000000000000000000000000000000000000000000000000000000000000X,,,,
SVA1616004,AR Växjö,Dator 06,eekcaARVäxjö,C:\Users\eekcaspc\Documents\ATS5\Personer\RZEM472.ATSPF,1990.0,Kvinna,Okänd,Svenska/Danska/Norska,42443.0,Yrsa Petersson,,,,,,,,,,,,,,,,,,,,,,,,,,,,,,,,,,,,,,,,,,,,,,,,,,,,,,,,,,,,,,,,,,,,,,24.0,1.0,0.0,51.0,,,,,,,,,,,,,,,,,,,,,,,,,15.0,1.0,0.0,19.0,0.0,0.0,,,,,,,,,,,,,,,,,,,,,,,,,,,,,,,,,,,,,,,,,,,,,,,,,,,,X53262426157582731632372327282515853643431723616731X,,,,,,X0010000000000000000000001000000000000000000000010000000001000000010000000000000000000000000000100000100000000000000000000010000000000000001001001000000010000000000100000000000100100000000100000100010000000000001000000000010000001010000000000000000000100100888888888888888888888888888888888888888888888888888888888888888888888888888888888888888888888888X,X422342321431211422200000000000X,,,,,,,
SVA1616003,AR Växjö,Dator 06,eekcaARVäxjö,C:\Users\eekcaspc\Documents\ATS5\Personer\ETGW040.ATSPF,1990.0,Kvinna,"1 Särskola, hjälpklass, ej avslutad grundskola",Annat,42436.0,Yrsa Petersson,,,,,,,,,,,,,,,,,,,,,,,,,,,,,,,,,,,,,,,,,,,,,,,,,,,,,,,,,,,,,,3.0,13.0,0.0,38.0,,,,,0.0,25.0,0.0,53.0,11.0,11.0,2.0,,,,,,,,,,,,,,,,,,,,,,1.0,17.0,0.0,4.0,7.0,0.0,38.0,3.0,50.0,5.0,29.0,11.0,,,,,,,,,,,,,,,,,,,,,,,,,,,,,,,,,,,,,,,,,,,,X282767847363746243511584451438340000000000X,,X34735172426284257872357281458786533831238481714384X,X4267174742152627783728000000000000000000000000000000000000000000000000000000000001170055018100870100006700590088011902700129017501380051004200570155045401460047011601750000000000000000000000000000000000000000000000000000000000000000000000000000000000000000000000000000000000000000000000000000000000000000000000000000000000000000000000000000000000000000000000000000000000000000000000000000000000000000X,,,,,X0010000000000000000000000010000000000000001000000000001000000000001000000000000000000001000000000000000001000000000000000000010000101000000000000001000000100000000000000101000000001000100000000110000000000000100100000000000000000001000100000000000000000011100010000100000000000000101100008888888888888888888888888888888888888888888888888888888888888888X,X414323334440000000000000000000X,X0101010101010100110101011100011101010100000000000000000000000000000000000000000000000000000000000000000000000000000000000000000000000000000000000000000000000000000000000000000000000000000000000000000000000000000000000000000000000000000000000000000000X,X0011100011110000010101101010011010011100011001100100000000000000000000000000000000000000000000000000000000000000000000000000000000000000000000000000000000000000000000000000000000000000000000000000000000000000000000000000000000000000000000000000000000X,X1111001111111111111111111111100000000000000000000000000000000000000000000000000000000000000000000000000000000000000000000000000000000000000000000000000000000000000000000000000000000000000000000000000000000000000000000000000000000000000000000000000000X,,,,
SVA1616002,AR Växjö,Dator 06,eekcaARVäxjö,C:\Users\eekcaspc\Documents\ATS5\Personer\DZHO534.ATSPF,1980.0,Man,4 Avslutad 3- eller 4-årig gymnasieutbildning eller motsvarande (12- till 13-årig utbildning),Svenska/Danska/Norska,42410.0,eekca,,,,,,,,,,,,,,,,,,,,,,,,,,,,,,,,,,,,,,,,,,,,,,,,,,,,,,,,,,,,,,17.0,1.0,0.0,37.0,,,,,,,,,59.0,4.0,57.0,10.0,4.0,0.0,,,,20.0,5.0,0.0,21.0,8.0,1.0,22.0,8.0,0.0,,,,,,,14.0,2.0,0.0,23.0,0.0,0.0,130.0,0.0,109.0,2.0,110.0,1.0,,,,,,,,,,,,,,,,,,,,,,,,,,,,,,,,,,,,,,,,,,,,X282762835416657187374384237854646521000000X,,,X4263172544158572788628465451224764467356318431787572786645427330000000000000000000140018002000200018002800150053001600180019009900400027001600470015002400250037001700190017004300310015008401240019002500270049001400340016005300220037007102920020001800400025001600210037002700300021003901640021003900320038001700450047003700580044036300000000000000000000000000000000000000000000000000000000000000000000X,X0000700007000320000900023012860100801386001090003800085006900082501525000000000000000000000000000000X,,X421343322314523413523412500000232412252441111552222313435201335325251322233355535542421543X,,X0010000000000000000000001000000000000100000000000000000000001000010000000000000000000000000000100000100000000000000000000010000000000010000010001000000010000000000100000000000100100000000100000100010000000000001000000000010000001010000000000000000000100100888888888888888888888888888888888888888888888888888888888888888888888888888888888888888888888888X,X422342321431211422223310000000X,X0101010101010110111101011100011101111110001100110101001110110111010010111011101111001110010110001011010111010111011000011111010011000000000000000000000000000000000000000000000000000000000000000000000000000000000000000000000000000000000000000000000000X,X0011100011111010110101101010011010011101011001101110110100110111010011011011111000111101001010100011111100001000000000000000000000000000000000000000000000000000000000000000000000000000000000000000000000000000000000000000000000000000000000000000000000X,X0111010010100111110111100101110101101110100101010111100101111001011001101011101001111100101100100101111101110100000000000000000000000000000000000000000000000000000000000000000000000000000000000000000000000000000000000000000000000000000000000000000000X,,,,
SVA1616001,AR Växjö,Dator 06,eekcaARVäxjö,C:\Users\eekcaspc\Documents\ATS5\Personer\WPQH427.ATSPF,1987.0,Man,4 Avslutad 3- eller 4-årig gymnasieutbildning eller motsvarande (12- till 13-årig utbildning),Svenska/Danska/Norska,42409.0,eekca,,,,,,,,,,,,,,,,,,,,,,,,,,,,,,,,,,,,,,,,,,,,,,,,,,,,,,,,,,,,,,7.0,1.0,1.0,16.0,,,,,,,,,32.0,3.0,25.0,,,,,,,,,,,,,,,,,,,,,,14.0,0.0,0.0,16.0,3.0,1.0,50.0,1.0,60.0,1.0,89.0,1.0,,,,,,,,,,,,,,,,,,,,,,,,,,,,,,,,,,,,,,,,,,,,X282757835416997187000000000000000000000000X,,,X4263172544178572788628465432224764400000000000000000000000000000000000000000000000380017006700350031005500290057003800420037020800340071004501680038009601410318003200530079006400570075012801740079015700810136003200280034000000000000000000000000000000000000000000000000000000000000000000000000000000000000000000000000000000000000000000000000000000000000000000000000000000000000000000000000000000000000X,,,,,X0010000000000000000000001000000000000000000000010000000001000000010000000000000000000000000000100000100000000000000000000010000000000010000010001000000010000000000100000000000100100000000100000100010000000000001000000000010088888888888888888888888888888888888888888888888888888888888888888888888888888888888888888888888888888888888888888888888888888888X,X422344321491211423240000000000X,X0101010101010110111101011100010101111110001100110100000000000000000000000000000000000000000000000000000000000000000000000000000000000000000000000000000000000000000000000000000000000000000000000000000000000000000000000000000000000000000000000000000000X,X0011100011111010111101101010011010011101011011101110110000010000000000000000000000000000000000000000000000000000000000000000000000000000000000000000000000000000000000000000000000000000000000000000000000000000000000000000000000000000000000000000000000X,X0111010010100111110111100101110101101110100101010111100101111001011001101011101001111100100000000000000000000000000000000000000000000000000000000000000000000000000000000000000000000000000000000000000000000000000000000000000000000000000000000000000000X,,,,
SVA1546011,AR Växjö,Dator 06,eekcaARVäxjö,C:\Users\eekcaspc\Documents\ATS5\Personer\DNFR219.ATSPF,1990.0,Man,Okänd,Svenska/Danska/Norska,42349.0,Yrsa Petersson,,,,,,,,,,,,,,,,,,,,,,,,,,,,,,,,,,,,,,,,,,,,,,,,,,,,,,,,,,,,,,8.0,0.0,1.0,16.0,,,,,,,,,26.0,5.0,6.0,8.0,3.0,2.0,,,,8.0,5.0,0.0,5.0,5.0,5.0,4.0,1.0,5.0,,,,,,,16.0,2.0,0.0,10.0,2.0,0.0,34.0,2.0,75.0,1.0,101.0,4.0,18.0,15.0,1.0,24.0,8.0,38.0,3.0,22.0,2.0,50.0,6.0,48.0,3.0,4.0,8.0,6.0,8.0,1.0,0.0,13.0,,,,,,,,,,,,,,,,,,,,,,,,X282762835416997187000000000000000000000000X,,,X4223132542188772788628465454224000000000000000000000000000000000000000000000000000220034001201110027007900290096003000310077023600540025009801120026008500340209004201130197012600440087010204460055005600960000000000000000000000000000000000000000000000000000000000000000000000000000000000000000000000000000000000000000000000000000000000000000000000000000000000000000000000000000000000000000000000000000X,X0000700007000323276500023011860400801316327650003800047006900090000000000000000000000000000000000000X,,X431343532331500000000000000000562316616415463000000000000000635626156600000000000000000000X,,X0010000000000000000000001000000000000100000000000000000001000000010000000000000000000000000000100000100000000000000000000010000000000010000010001000000010000000000100000000000100100000000100000100010000000000001000000000010000001010000000000000000000100100011000100000000000000101100000008888888888888888888888888888888888888888888888888888888888888888X,X422342321241000000000000000000X,X0101010100010110101101011100010001000000000000000000000000000000000000000000000000000000000000000000000000000000000000000000000000000000000000000000000000000000000000000000000000000000000000000000000000000000000000000000000000000000000000000000000000X,X0011100011111010110101101010011010011101010011101110110100110111010011011010000000000000000000000000000000000000000000000000000000000000000000000000000000000000000000000000000000000000000000000000000000000000000000000000000000000000000000000000000000X,X0111010000100111110111100101110101101100100101010110100101111001011001101011101100111100101100100101100000000000000000000000000000000000000000000000000000000000000000000000000000000000000000000000000000000000000000000000000000000000000000000000000000X,X111010111100111011101111X,X010101000100011000000000000000000000000000000000000000000000000000000000000000000000000000000000000000000000000000000000000000000000000000000000000000010100000100000010010101000000000000000000000000000000000000000000000000000000000000000000000000000000000000000000000000000000000000000000000000000000001110001101101001010010101001101001110000000000000000000000000000000000000000000000000000000000000000000000000000000000000000000000000000000000000000010110011110010001110100000000000000000000000000000000000000000000000000000000000000000000000000000000000000000000000000000000000000000000000000000000011001001000011011011010010110010110111000010101010000000000000000000000000000000000000000000000000000000000000000000000000000000000000000000000000000011111001000011110000001100111010111001100111001000000000000000000000000000000000000000000000000000000000000000000000000000000000000000000000000000000101011101000100100001101001011011110110110110111X,,
SVA1546008,AR Växjö,Dator 06,eekcaARVäxjö,C:\Users\eekcaspc\Documents\ATS5\Personer\ILGQ689.ATSPF,1990.0,Man,"1 Särskola, hjälpklass, ej avslutad grundskola",Annat,42300.0,,,,,,,,,,,,,,,,,,,,,,,,,,,,,,,,,,,,,,,,,,,,,,,,,,,,,,,,,,,,,,,,,,,,,,,2.0,20.0,3.0,46.0,24.0,3.0,16.0,,,,,,,,,,,,,,,,,,,,,,5.0,14.0,3.0,4.0,6.0,4.0,55.0,6.0,,,70.0,20.0,,,,,,,,,,,,,,,,,,,,,,,,,,,,,,,,,,,,,,,,,,,,,,X53261514996727123499714863133176734716482321345899X,X4263172344168572788628465350000000000000000000000000000000000000000000000000000000360039004301320036002800240102002900250097021800340063003602040039004301180741011200490155021800580033005300000000000000000000000000000000000000000000000000000000000000000000000000000000000000000000000000000000000000000000000000000000000000000000000000000000000000000000000000000000000000000000000000000000000000000000X,,,,,X0010000000000000000000001000000000000000100000000000000000000010000000000000010099999999999999990000100000000000000000000010000000001000001000001000000010000000000000010000001000010000000100000110000000000000010000000000010001000000000001009999999999999999001000100010000010000010000001000111000000000000999999999999999901100100000000000000000000011100X,X494319221149390000000000000000X,X0101010001010110101101001100010001111110001110110100001000000000000000000000000000000000000000000000000000000000000000000000000000000000000000000000000000000000000000000000000000000000000000000000000000000000000000000000000000000000000000000000000000X,,X0101010000100110110111000001010011001010000010010010100101110010101001000000000000000000000000000000000000000000000000000000000000000000000000000000000000000000000000000000000000000000000000000000000000000000000000000000000000000000000000000000000000X,,,,
SVA1536007,AR Växjö,Dator 06,eekcaARVäxjö,C:\Users\eekcaspc\Documents\ATS5\Personer\NFFS958.ATSPF,1990.0,Man,Okänd,Svenska/Danska/Norska,42279.0,Yrsa Petersson,,,,,,,,,,,,,,,,,,,,,,,,,,,,,,,,,,,,,,,,,,,,,,,,,,,,,,,,,,,,,,,,,,,,,,,,,,,,,,,,,,,,,,,,,,,,,,,,,,7.0,3.0,0.0,7.0,10.0,0.0,,,,,5.0,1.0,,,,,,,,,,,,,,,,,,,,,,,,,,,,,,,,,,,,,,,,,,,,,,,,,,,,X0010000000000000000000001000000000000000000000010000000001000000010000000000000000000000000000100000000000001000000000100000000000000010001000001000000010000000888888888888888888888888888888888888888888888888888888888888888888888888888888888888888888888888888888888888888888888888888888888888888888888888888888888888888888888888888888888888888888888888X,X444132323433433440000000000000X,,,X0011100000000000000000000000000000000000000000000000000000000000000000000000000000000000000000000000000000000000000000000000000000000000000000000000000000000000000000000000000000000000000000000000000000000000000000000000000000000000000000000000000000X,,,,
SVA1536006,AR Växjö,Dator 06,eekcaARVäxjö,C:\Users\eekcaspc\Documents\ATS5\Personer\OQGV539.ATSPF,1995.0,Man,"2 Grundskola, ingen avslutad yrkesutbildning (9-årig utbildning)",Svenska/Danska/Norska,42277.0,eekca,,,,,,,,,,,,,,,,,,,,,,,,,,,,,,,,,,,,,,,,,,,,,,,,,,,,,,,,,,,,,,3.0,2.0,16.0,15.0,,,,,,,,,32.0,10.0,16.0,4.0,6.0,10.0,,,,12.0,5.0,0.0,6.0,6.0,18.0,3.0,3.0,24.0,,,,,,,14.0,1.0,0.0,18.0,1.0,0.0,30.0,5.0,85.0,3.0,132.0,12.0,,,,,,,,,,,,,,,,,,,,,,,,,,,,,,,,,,,,,,,,,,,,X282784539916999999999999999999999999999999X,,,X4263172544188768788628475355224664417333310000000000000000000000000000000000000000380023002600400025006000270115003100240027005700440027005701270051005901160126004500740241010900630051018200550051003401320055002700480030008200640159018500170023003200000000000000000000000000000000000000000000000000000000000000000000000000000000000000000000000000000000000000000000000000000000000000000000000000000000X,X0000700007000223276500023011860101801086327650003800085327653276532765000563276532765327653276532765X,,X433342324314424420000000000000262416666611116562633666666666435316666661666666666666666666X,,X0010000000000000000000001000000000000000000000010000000001000000010000000000000000000000000000100000100000000000000000000010000000000010000010001000000010000000000100000000000100100000000100000000000000000101001000000000010000001010000000008888888888888888888888888888888888888888888888888888888888888888888888888888888888888888888888888888888888888888X,X422342321431211432200000000000X,X0101010101000110101101000101010000000000000000000000000000000000000000000000000000000000000000000000000000000000000000000000000000000000000000000000000000000000000000000000000000000000000000000000000000000000000000000000000000000000000000000000000000X,X0011100011111010111101101010011010011101011011001110110100110111010011011011110000011000000000000000000000000000000000000000000000000000000000000000000000000000000000000000000000000000000000000000000000000000000000000000000000000000000000000000000000X,X0111010010100111110111100101100101101110000101010111100101111010011000101010101001101100101100100101110100110100111010100001010110010000000000000000000000000000000000000000000000000000000000000000000000000000000000000000000000000000000000000000000000X,,,,
SVA1536005,AR Växjö,Dator 06,eekcaARVäxjö,C:\Users\eekcaspc\Documents\ATS5\Personer\UUZQ127.ATSPF,1955.0,Man,4 Avslutad 3- eller 4-årig gymnasieutbildning eller motsvarande (12- till 13-årig utbildning),Svenska/Danska/Norska,42275.0,Yrsa Petersson,,,,,,,,,,,,,,,,,,,,,,,,,,,,,,,,,,,,,,,,,,,,,,,,,,,,,,,,,,,,,,5.0,1.0,3.0,13.0,,,,,,,,,46.0,10.0,43.0,8.0,2.0,1.0,,,,18.0,1.0,2.0,10.0,6.0,5.0,16.0,4.0,2.0,,,,,,,2.0,2.0,2.0,1.0,2.0,0.0,62.0,1.0,50.0,5.0,18.0,3.0,,,,,,,,,,,,,,,,,,,,,,,,,,,,,,,,,,,,,,,,,,,,X282762999916157199000000000000000000000000X,,,X4261132542148572788228465451224264467355418431787571786600000000000000000000000000250043003500960025003000190049002000230025007300440079003200590026006700340149005600350025006100280034001900850029002400230086006200350022005600390052001900880083004501310038002900500046003300260035005801450036007901500099000000000000000000000000000000000000000000000000000000000000000000000000000000000000000000000000X,X0000700007000320000900023012800390801296327650003800047000000000000000000000000000000000000000000000X,,X421643322314524463554000000000532416262345416636154000000000335123551326233455635200000000X,,X9999999999999999000000000000001000000000000000019999999999999999001000000000000000000000000000108888888888888888888888888888888888888888888888888888888888888888888888888888888888888888888888888888888888888888888888888888888888888888888888888888888888888888888888888888888888888888888888888888888888888888888888888888888888888888888888888888888888888888X,X414000000000000000000000000000X,X0101010101010110111101011100011101111110001100100101001110110100000000000000000000000000000000000000000000000000000000000000000000000000000000000000000000000000000000000000000000000000000000000000000000000000000000000000000000000000000000000000000000X,X0011100011011000010101101010011010011100011001100100000000000000000000000000000000000000000000000000000000000000000000000000000000000000000000000000000000000000000000000000000000000000000000000000000000000000000000000000000000000000000000000000000000X,X1011010010100010010000000000000000000000000000000000000000000000000000000000000000000000000000000000000000000000000000000000000000000000000000000000000000000000000000000000000000000000000000000000000000000000000000000000000000000000000000000000000000X,,,,
SVA1536004,AR Växjö,Dator 06,eekcaARVäxjö,C:\Users\eekcaspc\Documents\ATS5\Personer\DXHF955.ATSPF,1990.0,Man,4 Avslutad 3- eller 4-årig gymnasieutbildning eller motsvarande (12- till 13-årig utbildning),Svenska/Danska/Norska,42261.0,Yrsa Petersson,Specifika inlärningssvårigheter,,,,,,,,,,,,,,,,,,,,,,,,,,,,,,,,,,,,,,,,,,,,,,,,,,,,,,,,,,,,,,,,,,,,,,,,,54.0,5.0,49.0,,,,,,,,,,,,,,,,,,,,,,,,,,,,105.0,0.0,88.0,4.0,135.0,7.0,,38.0,1.0,20.0,3.0,50.0,2.0,45.0,4.0,50.0,3.0,48.0,4.0,3.0,10.0,4.0,9.0,0.0,1.0,8.0,,,,,,,,,,,,,,,,,,,,,,,,,,,X4263182544188572788628465451223764467357318431787578786645400000000000000000000000210013001700420026002400250030002900220026004500250026002400190023002300590073003700180052005200750032002801710032003001290142001700310022003900620022002900610024002400670112002700350062005000730027009600900147003600700068003200480124000000000000000000000000000000000000000000000000000000000000000000000000000000000000X,,,,,,,X0101010101010110111101011100011101111110001100110101001110110111010010111011101111001110010110001011010010000000000000000000000000000000000000000000000000000000000000000000000000000000000000000000000000000000000000000000000000000000000000000000000000X,X0011101011110010110101001010011010001101011011101110110100110111010011011011111010111101000000000000000000000000000000000000000000000000000000000000000000000000000000000000000000000000000000000000000000000000000000000000000000000000000000000000000000X,X0111010010100111110111000101110101101110100101010111100101111001011001001011101101001100101100100101011100110000111010100101110110011110000000000000000000000000000000000000000000000000000000000000000000000000000000000000000000000000000000000000000000X,,X010101010101011011110101110001010111010000000000000000000000000000000000000000000000000000000000000000000000000000000000000000000000000000000000000000010110000101001011110000000000000000000000000000000000000000000000000000000000000000000000000000000000000000000000000000000000000000000000000000000000001110001111001011010110101001101001110101001110010000000000000000000000000000000000000000000000000000000000000000000000000000000000000000000000000000001100111110010001000100100111101011101010001000000000000000000000000000000000000000000000000000000000000000000000000000000000000000000000000000000000011101001010001111011110000110010110111010010101010000000000000000000000000000000000000000000000000000000000000000000000000000000000000000000000000000001111001100011111000001110111010110001100111101000000000000000000000000000000000000000000000000000000000000000000000000000000000000000000000000000000101000110001111100000101101110001010110110111111X,,
SVA1536003,AR Växjö,Dator 06,eekcaARVäxjö,C:\Users\eekcaspc\Documents\ATS5\Personer\DWZJ000.ATSPF,1995.0,Man,"1 Särskola, hjälpklass, ej avslutad grundskola",Annat,42236.0,Yrsa Petersson,,,,,,,,,,,,,,,,,,,,,,,,,,,,,,,,,,,,,,,,,,,,,,,,,,,,,,,,,,,,,,,,,,,,,,0.0,25.0,0.0,51.0,26.0,15.0,6.0,,,,,,,,,,,,,,,,,,,,,,2.0,9.0,0.0,2.0,5.0,1.0,56.0,13.0,38.0,3.0,28.0,8.0,,,,,,,,,,,,,,,,,,,,,,,,,,,,,,,,,,,,,,,,,,,,,,X23233786187318122826141723135734121472233212344757X,X4243132348142532788628775551223864467346300000000000000000000000000000000000000000360041003701260038002900490115003800430077005900390139007301500062007400500095007600730105003000740049008000290193007300410033004501480033003600730071017700350030000000000000000000000000000000000000000000000000000000000000000000000000000000000000000000000000000000000000000000000000000000000000000000000000000000000000X,,,,,X0100000000000000000001000000000000000000000000010000000000001000000000000000010000000000000000100000000000000010000100000000000000000010000000100000000000110000000100000000100088888888888888888888888888888888888888888888888888888888888888888888888888888888888888888888888888888888888888888888888888888888888888888888888888888888888888888888888888888888X,X214322190000000000000000000000X,X0001010100010110101101010000011101001010001100010110010100000000000000000000000000000000000000000000000000000000000000000000000000000000000000000000000000000000000000000000000000000000000000000000000000000000000000000000000000000000000000000000000000X,X0011110011101110110101101010011010010100000000000000000000000000000000000000000000000000000000000000000000000000000000000000000000000000000000000000000000000000000000000000000000000000000000000000000000000000000000000000000000000000000000000000000000X,X0110000010010110110000100001000000000000000000000000000000000000000000000000000000000000000000000000000000000000000000000000000000000000000000000000000000000000000000000000000000000000000000000000000000000000000000000000000000000000000000000000000000X,,,,
SVA1536002,AR Växjö,Dator 06,eekcaARVäxjö,C:\Users\eekcaspc\Documents\ATS5\Personer\OFQF619.ATSPF,1996.0,Man,"1 Särskola, hjälpklass, ej avslutad grundskola",Svenska/Danska/Norska,42230.0,,,,,,,,,,,,,,,,,,,,,,,,,,,,,,,,,,,,,,,,,,,,,,,,,,,,,,,,,,,,,,,,,,,,,,,3.0,17.0,4.0,50.0,18.0,12.0,5.0,,,,,,,3.0,8.0,0.0,1.0,4.0,14.0,0.0,7.0,8.0,,,,,,,5.0,5.0,0.0,3.0,7.0,0.0,15.0,0.0,25.0,3.0,60.0,3.0,,,,,,,,,,,,,,,,,,,,,,,,,,,,,,,,,,,,,,,,,,,,,,X14126378177521619938992727281525416799462337519900X,X4263232643182681788728455557220000000000000000000000000000000000000000000000000000320019009500440040004800370202003200210153011800320129007500460060004301140087008400890109013400800082012701360111012500000000000000000000000000000000000000000000000000000000000000000000000000000000000000000000000000000000000000000000000000000000000000000000000000000000000000000000000000000000000000000000000000000000X,,,X411515344450000000000000000000661666656162166666600000000000266615532666604000000000000000X,,X0010000000000000000000001000000000000000000000010000001000000000010000000000000000000000100000000000000000001000000100000000000000000000001010001000000010000000888888888888888888888888888888888888888888888888888888888888888888888888888888888888888888888888888888888888888888888888888888888888888888888888888888888888888888888888888888888888888888888888X,X443421111400000000000000000000X,X0101010101010110000000000000000000000000000000000000000000000000000000000000000000000000000000000000000000000000000000000000000000000000000000000000000000000000000000000000000000000000000000000000000000000000000000000000000000000000000000000000000000X,X0011100011011000110001101000000000000000000000000000000000000000000000000000000000000000000000000000000000000000000000000000000000000000000000000000000000000000000000000000000000000000000000000000000000000000000000000000000000000000000000000000000000X,X0111010010100111110111100101110011001110100101010111100101110000000000000000000000000000000000000000000000000000000000000000000000000000000000000000000000000000000000000000000000000000000000000000000000000000000000000000000000000000000000000000000000X,,,,
SVA1526001,AR Växjö,Dator 06,eekcaARVäxjö,C:\Users\eekcaspc\Documents\ATS5\Personer\UVMK564.ATSPF,1979.0,Kvinna,"2 Grundskola, ingen avslutad yrkesutbildning (9-årig utbildning)",Svenska/Danska/Norska,42117.0,eekca,,,,,,,,,,,,,,,,,,,,,,,,,,,,,,,,,,,,,,,,,,,,,,,,,,,,,,,,,,,,,,9.0,1.0,0.0,21.0,,,,,,,,,25.0,2.0,14.0,9.0,1.0,1.0,,,,,,,,,,,,,,,,,,,15.0,1.0,0.0,12.0,0.0,0.0,112.0,1.0,78.0,0.0,91.0,0.0,,,,,,,,,,,,,,,,,,,,,,,,,,,,,,,,,,,,,,,,,,,,X282762835416652687370000000000000000000000X,,,X4263172244188572788828465450000000000000000000000000000000000000000000000000000000260037014201870026006500300480002800270046013600440086008200650034009000490541004200380103009000610037011800000000000000000000000000000000000000000000000000000000000000000000000000000000000000000000000000000000000000000000000000000000000000000000000000000000000000000000000000000000000000000000000000000000000000000000X,X0000700007000320000900023012860401201296327650003800047000000000000000000000000000000000000000000000X,,,,X0010000000000000000000001000000000000000000000010000000001000000010000000000000000000000000000100000100000000000000000000010000000000010000010001000000010000000000100000000000100100000000100000000000000000101001000000000010000001010000000000000000000100100888888888888888888888888888888888888888888888888888888888888888888888888888888888888888888888888X,X422342321431000000000000000000X,X0001010101010110111101011100011101111110001100110101001110110111010010111011101111001110010110001011010111010101000000000000000000000000000000000000000000000000000000000000000000000000000000000000000000000000000000000000000000000000000000000000000000X,X0011100011111010110101101010011010011101011011101110110100110111010011011011010000000000000000000000000000000000000000000000000000000000000000000000000000000000000000000000000000000000000000000000000000000000000000000000000000000000000000000000000000X,X0111010010100111110111100101110101101110100101010111100101111001011001101011101101111100101000000000000000000000000000000000000000000000000000000000000000000000000000000000000000000000000000000000000000000000000000000000000000000000000000000000000000X,,,,
SVA1516009,AR Växjö,Dator 06,eekcaARVäxjö,C:\Users\eekcaspc\Documents\ATS5\Personer\EUFX016.ATSPF,1982.0,Kvinna,"2 Grundskola, ingen avslutad yrkesutbildning (9-årig utbildning)",Svenska/Danska/Norska,42076.0,Pär Lönner/eekca 2015-03-17,,,,,,,,,,,,,,,,,,,,,,,,,,,,,,,,,,,,,,,,,,,,,,,,,,,,,,,,,,,,,,6.0,1.0,2.0,16.0,,,,,,,,,29.0,7.0,23.0,6.0,1.0,3.0,,,,18.0,2.0,0.0,9.0,1.0,9.0,10.0,2.0,6.0,,,,,,,11.0,0.0,0.0,16.0,1.0,0.0,93.0,1.0,70.0,0.0,89.0,0.0,12.0,,,,,,,,,,,,,,,,,,,,,,,,,,,,,,,,,,,,,,,,,,,X282763835416997199000000000000000000000000X,,,X4261172444188572788128475451224564440000000000000000000000000000000000000000000000260019002401740026004500370058002300440033009400470123003900550050009300400140004401130128028000490039004903500031003801390144003500430075014700000000000000000000000000000000000000000000000000000000000000000000000000000000000000000000000000000000000000000000000000000000000000000000000000000000000000000000000000000000X,X0000700007000323276500023012860400832765327650004700000000000000000000000000000000000000000000000000X,,X421343342314514423520000000000232416266625416666600000000000335321256666633465000000000000X,,X0010000000000000000000001000000000000000000000010000000001000000010000000000000000000000000000100000100000000000000000000010000000000010000010001000000010000000000100000000000188888888888888888888888888888888888888888888888888888888888888888888888888888888888888888888888888888888888888888888888888888888888888888888888888888888888888888888888888888888X,X422342321441211420000000000000X,X0101010101010110111101011100011101111110001100110101011110110111010010111011101111001110010110000000000000000000000000000000000000000000000000000000000000000000000000000000000000000000000000000000000000000000000000000000000000000000000000000000000000X,X0011100011111010110101101010011010011101011011101110110100110111010011000000000000000000000000000000000000000000000000000000000000000000000000000000000000000000000000000000000000000000000000000000000000000000000000000000000000000000000000000000000000X,X0111010010100111110111100101110101101110100101010111100101111001011001101011101101111100100000000000000000000000000000000000000000000000000000000000000000000000000000000000000000000000000000000000000000000000000000000000000000000000000000000000000000X,X001000110100111101001101X,,,
SVA1516008,AR Växjö,Dator 06,eekcaARVäxjö,C:\Users\eekcaspc\Documents\ATS5\Personer\RWNB873.ATSPF,1990.0,Man,Okänd,Annat,42074.0,eekca,,,,,,,,,,,,,,,,,,,,,,,,,,,,,,,,,,,,,,,,,,,,,,,,,,,,,,,,,,,,,,,,,,,,,,,,,,,,,,,,,,,,,,,,,,,,,,,,,,7.0,7.0,0.0,6.0,4.0,0.0,73.0,14.0,33.0,1.0,39.0,11.0,,,,,,,,,,,,,,,,,,,,,,,,,,,,,,,,,,,,,,,,,,,,,,,,,,,,X0010000000000000000000001000000000000000000000010000000000001000010000000000000000000000000000100000001000000000000000000010000001010000000000000000000010000010000000000000100100100000000100000100000000000001011000000000000088888888888888888888888888888888888888888888888888888888888888888888888888888888888888888888888888888888888888888888888888888888X,X422313323200000000000000000000X,X0101010001010110110001001100011101011010001000110000011100010110010000011000000000000000000000000000000000000000000000000000000000000000000000000000000000000000000000000000000000000000000000000000000000000000000000000000000000000000000000000000000000X,X0010100011111010110101101010011010000000000000000000000000000000000000000000000000000000000000000000000000000000000000000000000000000000000000000000000000000000000000000000000000000000000000000000000000000000000000000000000000000000000000000000000000X,X0110000010000111110111000110001100001110000000000000000000000000000000000000000000000000000000000000000000000000000000000000000000000000000000000000000000000000000000000000000000000000000000000000000000000000000000000000000000000000000000000000000000X,,,,
SVA1516007,AR Växjö,Dator 06,eekcaARVäxjö,C:\Users\eekcaspc\Documents\ATS5\Personer\XQBV148.ATSPF,1983.0,Kvinna,3 Avslutad 2-årig yrkesinriktad gymnasieutbildning eller motsvarande (11-årig utbildning),Svenska/Danska/Norska,42072.0,PL/eekca,,,,,,,,,,,,,,,,,,,,,,,,,,,,,,,,,,,,,,,,,,,,,,,,,,,,,,,,,,,,,,7.0,0.0,2.0,14.0,,,,,,,,,28.0,14.0,19.0,8.0,0.0,2.0,,,,15.0,1.0,0.0,10.0,4.0,2.0,12.0,4.0,3.0,,,,,,,13.0,4.0,0.0,18.0,1.0,0.0,114.0,3.0,75.0,1.0,100.0,5.0,,,,,,,,,,,,,,,,,,,,,,,,,,,,,,,,,,,,,,,,,,,,X282762835416997199000000000000000000000000X,,,X4263182145138574788828263478224564417252310000000000000000000000000000000000000000190033004300790054005800320163004200500062013300530052004701030070004600670055006100610107009900850038004801490058004401050092003900540056007400940158009500880026002400000000000000000000000000000000000000000000000000000000000000000000000000000000000000000000000000000000000000000000000000000000000000000000000000000000X,X0000700007000323276500023012860400801296327650003800000000000000000000000000000000000000000000000000X,,X421343322354524400000000000000232416252611413500000000000000335326253336533455600000000000X,,X0010000000000000000000001000000000000000000000010000000001000000010000000000000000000000000000100000100000000000000000000010000000000010000010001000000010000000000000000010000100100000000100000010000000000001001000000000010000001010000000000001000000000100010000100000010088888888888888888888888888888888888888888888888888888888888888888888888888888888X,X422342321441211422200000000000X,X0101010101010110111101011100011101111110001100110101011110110111010010111011101111001110010110001011110011010101010000000000000000000000000000000000000000000000000000000000000000000000000000000000000000000000000000000000000000000000000000000000000000X,X0010100011111010110101101010011010011101011011101110110100110111010011000010000000000000000000000000000000000000000000000000000000000000000000000000000000000000000000000000000000000000000000000000000000000000000000000000000000000000000000000000000000X,X0111010010100111110011100101110101101110100101010111100101110001111001101011101100111100100100100101000000000000000000000000000000000000000000000000000000000000000000000000000000000000000000000000000000000000000000000000000000000000000000000000000000X,,,,
SVA1516006,AR Växjö,Dator 06,eekcaARVäxjö,C:\Users\eekcaspc\Documents\ATS5\Personer\WHYH412.ATSPF,1959.0,Man,"2 Grundskola, ingen avslutad yrkesutbildning (9-årig utbildning)",Svenska/Danska/Norska,42061.0,eekca,,,,,,,,,,,,,,,,,,,,,,,,,,,,,,,,,,,,,,,,,,,,,,,,,,,,,,,,,,,,,,4.0,5.0,1.0,18.0,,,,,,,,,33.0,9.0,11.0,7.0,1.0,4.0,,,,,,,,,,,,,,,,,,,9.0,2.0,3.0,16.0,2.0,0.0,75.0,2.0,63.0,2.0,59.0,4.0,,,,,,,,,,,,,,,,,,,,,,,,,,,,,,,,,,,,,,,,,,,,X282763836515622699370000000000000000000000X,,,X4263172154158574788828465451224364427352310000000000000000000000000000000000000000260057004301210026007100310129003700220044017400410104003400920088010100340196003400780038014000260048004201700032004000450109002900450040015400380033013601210029002400000000000000000000000000000000000000000000000000000000000000000000000000000000000000000000000000000000000000000000000000000000000000000000000000000000X,X0000700007000323276500023012863276501296327650003800039327650000000000000000000000000000000000000000X,,,,X0010000000000000000000001000000000000000000000010000000001000000010000000000000000000000000000100000100000000000000000000010000000010000010000009999999999999999999999999999999999999999999999990000000000000101001000000000010088888888888888888888888888888888888888888888888888888888888888888888888888888888888888888888888888888888888888888888888888888888X,X422344321434211422000000000000X,X0101010101010110111101011100010101111110101100110101001110110111010010110010000000000000000000000000000000000000000000000000000000000000000000000000000000000000000000000000000000000000000000000000000000000000000000000000000000000000000000000000000000X,X0011100011111010111101101010011010011101011011001110110100110110000000000000000000000000000000000000000000000000000000000000000000000000000000000000000000000000000000000000000000000000000000000000000000000000000000000000000000000000000000000000000000X,X0111010010100111110111100101110101101110010001000111100001100000000000000000000000000000000000000000000000000000000000000000000000000000000000000000000000000000000000000000000000000000000000000000000000000000000000000000000000000000000000000000000000X,,,,
SVA1516005,AR Växjö,Dator 06,eekcaARVäxjö,C:\Users\eekcaspc\Documents\ATS5\Personer\BAEM749.ATSPF,1987.0,Man,"2 Grundskola, ingen avslutad yrkesutbildning (9-årig utbildning)",Annat,42060.0,eekca,,,,,,,,,,,,,,,,,,,,,,,,,,,,,,,,,,,,,,,,,,,,,,,,,,,,,,,,,,,,,,1.0,7.0,0.0,18.0,,,,,,,,,23.0,4.0,15.0,4.0,4.0,0.0,,,,,,,,,,,,,,,,,,,11.0,4.0,0.0,19.0,1.0,0.0,69.0,1.0,79.0,4.0,95.0,3.0,,,,,,,,,,,,,,,,,,,,,,,,,,,,,,,,,,,,,,,,,,,,X282863463831177400000000000000000000000000X,,,X4263132544188774788628455450000000000000000000000000000000000000000000000000000000290037005500690029006200460167002600220051020900390042003300550042004701100438004200560169062400530073027100000000000000000000000000000000000000000000000000000000000000000000000000000000000000000000000000000000000000000000000000000000000000000000000000000000000000000000000000000000000000000000000000000000000000000000X,X0000700009000320003000023012860400500100000000000000000000000000000000000000000000000000000000000000X,,,,X0010000000000000000000001000000000000100000000000000000001000000010000000000000000000000000000100000100000000000000000000010000000000010000010001000000010000000000100000000000100100000000100000000000000000101011000000000000000100000000001008888888888888888888888888888888888888888888888888888888888888888888888888888888888888888888888888888888888888888X,X422342321441211422220000000000X,X0101010101010110110101011100011101111110001100110101001110110111010010000000000000000000000000000000000000000000000000000000000000000000000000000000000000000000000000000000000000000000000000000000000000000000000000000000000000000000000000000000000000X,X0010100011111010110100101010011010011001011011101110110100110111010010011011001000000000000000000000000000000000000000000000000000000000000000000000000000000000000000000000000000000000000000000000000000000000000000000000000000000000000000000000000000X,X0111010010100111010111100101110101101110100101010111100101111001011000101011101100111100101100100000000000000000000000000000000000000000000000000000000000000000000000000000000000000000000000000000000000000000000000000000000000000000000000000000000000X,,,,
SVA1516004,AR Växjö,Dator 06,eekcaARVäxjö,C:\Users\eekcaspc\Documents\ATS5\Personer\OJWA495.ATSPF,1988.0,Kvinna,4 Avslutad 3- eller 4-årig gymnasieutbildning eller motsvarande (12- till 13-årig utbildning),Svenska/Danska/Norska,42054.0,eekca,,,,,,,,,,,,,,,,,,,,,,,,,,,,,,,,,,,,,,,,,,,,,,,,,,,,,,,,,,,,,,3.0,3.0,5.0,13.0,,,,,,,,,43.0,4.0,36.0,6.0,2.0,4.0,,,,,,,,,,,,,,,,,,,10.0,7.0,2.0,17.0,2.0,0.0,123.0,4.0,100.0,3.0,110.0,2.0,,,,,,,,,,,,,,,,,,,,,,,,,,,,,,,,,,,,,,,,,,,,X282763839999622699999900000000000000000000X,,,X4263172544178572788628465452224764447356318431700000000000000000000000000000000000210025002700660017004400260031002300340038018900330026004900310054005800680252003500240086005000390027007601310030002500680122004400440033006600430037009701310022004201230028004600820099000000000000000000000000000000000000000000000000000000000000000000000000000000000000000000000000000000000000000000000000000000000000X,X0000700007000323276500023012860400832765327650003700071327650000000000000000000000000000000000000000X,,,,X0010000000000000000000001000000000000100000000000000000001000000010000000000000000000000000000100000100000000000000000000010000099999999999999991000000010000000000000000010000100100000000100000000000000000101000010100000000000100000000001000000000000100100000000100100100099999999999999990110000000000100888888888888888888888888888888888888888888888888X,X422342321431411422300000000000X,X0101010101010100101001011100011101111110001100110101011110110111010010111011101111001110010110001011010111010111011000011110000000000000000000000000000000000000000000000000000000000000000000000000000000000000000000000000000000000000000000000000000000X,X0011100011111010110101001010011010011101011011101110110100110111010011011101111010111101001010100001000000000000000000000000000000000000000000000000000000000000000000000000000000000000000000000000000000000000000000000000000000000000000000000000000000X,X0111010010100011110111100101110101101110100101010111100101111001011001101011101101011100101100100101111101110100000000000000000000000000000000000000000000000000000000000000000000000000000000000000000000000000000000000000000000000000000000000000000000X,,,,
SVA1516002,AR Växjö,Dator 06,eekcaARVäxjö,C:\Users\eekcaspc\Documents\ATS5\Personer\TMXA868.ATSPF,1991.0,Man,"2 Grundskola, ingen avslutad yrkesutbildning (9-årig utbildning)",Svenska/Danska/Norska,42040.0,eekca,,,,,,,,,,,,,,,,,,,,,,,,,,,,,,,,,,,,,,,,,,,,,,,,,,,,,,,,,,,,,,4.0,3.0,14.0,15.0,,,,,,,,,45.0,12.0,39.0,9.0,8.0,1.0,,,,,,,,,,,,,,,,,,,8.0,7.0,7.0,7.0,5.0,1.0,115.0,4.0,88.0,2.0,91.0,4.0,,,,,,,,,,,,,,,,,,,,,,,,,,,,,,,,,,,,,,,,,,,,X282763994116992599379999999999999999999999X,,,X4263132544188772788628465454224666477787316431787577786840000000000000000000000000130024003200370016001500180184001500310023004500260038004400450029002000490083003600260036007600390017010402010024002200310064002000240028005100320020041100260017001700810019001600270052009900350024013000290035003001390051001600000000000000000000000000000000000000000000000000000000000000000000000000000000000000000000X,X0000700007000320000800023012860401201296001100003800075006900045032765001540013501115004000000000000X,,,,X0010000000000000000000001000000000000000000000010000000001000000010000000000000000000000000000100000100000000000000000000010000001000010000000009999999999999999000101000000000000000001100000000100000000000001011000000000000001000000000001000100000000100000999999999999999999999999999999999999999999999999999999999999999999999999999999999999999999999999X,X444443322931200000000000000000X,X0101010101010110111101001100011001101110001000110101001110110111010010111011101111001110010110001011010111010111011000000000000000000000000000000000000000000000000000000000000000000000000000000000000000000000000000000000000000000000000000000000000000X,X0011100011111000110101101010011010011101011011101110110100110111010011011111111010111101000000000000000000000000000000000000000000000000000000000000000000000000000000000000000000000000000000000000000000000000000000000000000000000000000000000000000000X,X0111010010100111110110100101110101101110100101010111100101110001011000101011101101101100101000000000000000000000000000000000000000000000000000000000000000000000000000000000000000000000000000000000000000000000000000000000000000000000000000000000000000X,,,,
SVA1516001,AR Växjö,Dator 06,eekcaARVäxjö,C:\Users\eekcaspc\Documents\ATS5\Personer\TEVF360.ATSPF,1988.0,Man,"2 Grundskola, ingen avslutad yrkesutbildning (9-årig utbildning)",Svenska/Danska/Norska,42032.0,eekca,,,,,,,,,,,,,,,,,,,,,,,,,,,,,,,,,,,,,,,,,,,,,,,,,,,,,,,,,,,,,,19.0,2.0,0.0,42.0,,,,,,,,,54.0,6.0,51.0,9.0,3.0,0.0,,,,,,,,,,,,,,,,,,,14.0,1.0,1.0,22.0,1.0,0.0,124.0,2.0,109.0,1.0,143.0,9.0,,,,,,,,,,,,,,,,,,,,,,,,,,,,,,,,,,,,,,,,,,,,X282762835416657187374384237854366512415854X,,,X4273172544178572788628465455324764467356318431787574786645420000000000000000000000150018001600490015004100200035001900270020003700260034002900530023002100510043004400380029003300670021003102660023005200510058002500400020005100460022007902590024002500460088003100430043003500560020005901200057004200380033004200240081013900000000000000000000000000000000000000000000000000000000000000000000000000000000X,X0000700009000320000900023012860400801296001030003800045006900000000000000000000000000000000000000000X,,,,X0010000000000000000000001000000000000000000000010000000001000000010000000000000000000000000000100000100000000000000000000010000000000010000010001000000010000000000100000000000199999999999999990000000000000101001000000000010000001010000000000000000000100100888888888888888888888888888888888888888888888888888888888888888888888888888888888888888888888888X,X422342321441211422223310000000X,X0101010101010110111101011100011101111110001100110101001110110111010010111011100111001110010110001011010110010111011000011111000000000000000000000000000000000000000000000000000000000000000000000000000000000000000000000000000000000000000000000000000000X,X0011100011111010110101101010011010011101011011101110110100110111010011011011111010111101001010100011111001011000000000000000000000000000000000000000000000000000000000000000000000000000000000000000000000000000000000000000000000000000000000000000000000X,X0110010010100011010111100101110101101110100100010011100101111001011001101010100101101100101100100101111001110100111010100101110110011111110111100000000000000000000000000000000000000000000000000000000000000000000000000000000000000000000000000000000000X,,,,
SVA1446005,AR Växjö,Dator 06,eekcaARVäxjö,C:\Users\eekcaspc\Documents\ATS5\Personer\HXOW145.ATSPF,1969.0,Man,5 Avslutade universitets- eller högskolestudier (med examen).,Annat,41983.0,eekca,,,,,,,,,,,,,,,,,,,,,,,,,,,,,,,,,,,,,,,,,,,,,,,,,,,,,,,,,,,,,,14.0,0.0,1.0,28.0,,,,,,,,,58.0,3.0,55.0,10.0,2.0,1.0,,,,,,,,,,,,,,,,,,,14.0,0.0,1.0,15.0,2.0,0.0,93.0,0.0,109.0,4.0,95.0,10.0,,,,,,,,,,,,,,,,,,,,,,,,,,,,,,,,,,,,,,,,,,,,X282762835416657187379984237854000000000000X,,,X4263172544188572788828465452224764467352318431787572786645427000000000000000000000220026002000650022003500370043002300490028005100330029002900360023002300220040004600230026002800240021002201970056001700220097002100420017015400550027002503620023002500770029003100340039003300360028005001480030004600500031004400460044006900500000000000000000000000000000000000000000000000000000000000000000000000000000X,X0000700007000320000900023012860400801296327650005800047006900100000000000000000000000000000000000000X,,,,X0010000000000000000000001000000000000000000000010000000001000000010000000000000000000000000000100000100000000000000000000010000000000010000010001000000010000000000100000000000199999999999999990100010000000000001000000000010000001010000000008888888888888888888888888888888888888888888888888888888888888888888888888888888888888888888888888888888888888888X,X422342321441211220000000000000X,X0101010101010110111101011100011101111110001100110101001110110111010010111011101111001110010010000000000000000000000000000000000000000000000000000000000000000000000000000000000000000000000000000000000000000000000000000000000000000000000000000000000000X,X0011100011111010110101101010011010011100011011100110110100110111010011011011111000111101001010100011111000001000000000000000000000000000000000000000000000000000000000000000000000000000000000000000000000000000000000000000000000000000000000000000000000X,X0111010010100011010111100101110101101110100101000011100101101010011001001011101111101100101100100000000000000000000000000000000000000000000000000000000000000000000000000000000000000000000000000000000000000000000000000000000000000000000000000000000000X,,,,
SVA1446003,AR Växjö,Dator 06,eekcaARVäxjö,C:\Users\eekcaspc\Documents\ATS5\Personer\MPCT459.ATSPF,1994.0,Man,"2 Grundskola, ingen avslutad yrkesutbildning (9-årig utbildning)",Svenska/Danska/Norska,41962.0,eekca,,,,,,,,,,,,,,,,,,,,,,,,,,,,,,,,,,,,,,,,,,,,,,,,,,,,,,,,,,,,,,4.0,11.0,0.0,31.0,,,,,,,,,29.0,10.0,20.0,2.0,10.0,0.0,,,,,,,,,,,,,,,,,,,5.0,8.0,0.0,11.0,6.0,0.0,39.0,4.0,33.0,0.0,60.0,9.0,,,,,,,,,,,,,,,,,,,,,,,,,,,,,,,,,,,,,,,,,,,,X282763735816181864541271687818000000000000X,,,X4263173244178574788128465458226464437360000000000000000000000000000000000000000000270037004101220035006600620076002200300047008600360074007100650027004000510127004700550081025100340046008801550059005201360173004500410032005900580035021700000000000000000000000000000000000000000000000000000000000000000000000000000000000000000000000000000000000000000000000000000000000000000000000000000000000000000000X,X0000700009000300001500025013000469700228002000003800046000240000000000000000000000000000000000000000X,,,,X0010000000000000000000001000000000000000000000010000000000001000010000000000000000000000000000100000000000001000000000100000000000100000001000000000000011000000000001000010000000000000101000000010000000000001888888888888888888888888888888888888888888888888888888888888888888888888888888888888888888888888888888888888888888888888888888888888888888888888X,X222333332431213420000000000000X,X0101010101010010110101001100011101001010000000000000000000000000000000000000000000000000000000000000000000000000000000000000000000000000000000000000000000000000000000000000000000000000000000000000000000000000000000000000000000000000000000000000000000X,X0011100011111010110101101010010010000000000000000000000000000000000000000000000000000000000000000000000000000000000000000000000000000000000000000000000000000000000000000000000000000000000000000000000000000000000000000000000000000000000000000000000000X,X0111010010100101110100100001000101101110000100010011100001110000000000000000000000000000000000000000000000000000000000000000000000000000000000000000000000000000000000000000000000000000000000000000000000000000000000000000000000000000000000000000000000X,,,,
SVA1446002,AR Växjö,Dator 06,eekcaARVäxjö,C:\Users\eekcaspc\Documents\ATS5\Personer\ODQF981.ATSPF,1979.0,Kvinna,4 Avslutad 3- eller 4-årig gymnasieutbildning eller motsvarande (12- till 13-årig utbildning),Svenska/Danska/Norska,41928.0,Pär Lönner,,,,,,,,,,,,,,,,,,,,,,,,,,,,,,,,,,,,,,,,,,,,,,,,,,,,,,,,,,,,,,6.0,2.0,1.0,20.0,,,,,,,,,49.0,5.0,43.0,11.0,4.0,3.0,,,,,,,,,,,,,,,,,,,15.0,0.0,1.0,17.0,0.0,0.0,130.0,4.0,104.0,1.0,129.0,3.0,,,,,,,,,,,,,,,,,,,,,,,,,,,,,,,,,,,,,,,,,,,,X282762819916327187000000000000000000000000X,,,X4463172544188572788228465453224364467352318431787571780000000000000000000000000000210020003200970026004400220030001800270023004700290081003100760022003400320142003900230037003300280024009701570025003900310092002200250031012100410024002700980023002600730039003100370071003700310021014103600034004600000000000000000000000000000000000000000000000000000000000000000000000000000000000000000000000000000000X,X0000700007000320000900023012860040801296327650003800047327653276501300001580006001040004000000000000X,,,,X0010000000000000000000001000000000000000000000010000000001000000010000000000000000000000000000100000100000000000000000000010000000000010000010001000000010000000000100000000000100100000000100000100010000000000001000000000010000001010000000009999999999999999888888888888888888888888888888888888888888888888888888888888888888888888888888888888888888888888X,X422342321431211420000000000000X,X0101010101010110110101011100011101111110001100110101001110110111010010111001101111001110000110001011010111010111011000011101000001000000000000000000000000000000000000000000000000000000000000000000000000000000000000000000000000000000000000000000000000X,X0010100011111010110101101010011010011101011011101110110100110111010011011011111010111101001010100011111100000000000000000000000000000000000000000000000000000000000000000000000000000000000000000000000000000000000000000000000000000000000000000000000000X,X0111010010000111110111100101100101101110100101010110100101111001011001101011101101111100101100100101111101110100111010100101110110000000000000000000000000000000000000000000000000000000000000000000000000000000000000000000000000000000000000000000000000X,,,,
SVA1436001,AR Växjö,Dator 06,eekcaARVäxjö,C:\Users\eekcaspc\Documents\ATS5\Personer\YNHG452.ATSPF,1993.0,Man,3 Avslutad 2-årig yrkesinriktad gymnasieutbildning eller motsvarande (11-årig utbildning),Svenska/Danska/Norska,41905.0,,,,,,,,,,,,,,,,,,,,,,,,,,,,,,,,,,,,,,,,,,,,,,,,,,,,,,,,,,,,,,,17.0,1.0,0.0,36.0,,,,,18.0,1.0,6.0,39.0,41.0,6.0,25.0,7.0,3.0,4.0,15.0,5.0,1.0,,,,,,,,,,,,,,,,14.0,2.0,0.0,15.0,0.0,2.0,160.0,1.0,95.0,0.0,115.0,1.0,,,,,,,,,,,,,,,,,,,,,,,,,,,,,,,,,,,,,,,,,,,,X282762833816657187374384237854646512000000X,,X53269926157599991632372327282515853643438628999999X,X4463172544178572788628465488224764467386318431700000000000000000000000000000000000190019005100470032003200210039002300230022010100330040004500640070001900510082005500210051009802020029009100800029001301010094008000210034012601230027014200710039002302050092006800510081000000000000000000000000000000000000000000000000000000000000000000000000000000000000000000000000000000000000000000000000000000000000X,X0000700007000323276500023012860401832765000100003600047006903276532765000000000000000000000000000000X,X464343322454514423514000000000X,,,X0010000000000000000000001000000000000000000000010000000001000000010000000000000000000000000000100000100000000000000000000010000000000000001001001000000010000000000100000000000100100000000100000010000000000001001000000000010000001010000000000000000000100100888888888888888888888888888888888888888888888888888888888888888888888888888888888888888888888888X,X422342321491219420000000000000X,X0101010101010110111101011100011101111110001100110101001110110101010010111011101111001110010110001011010111010111011000011111010011110011111001101010100101100001000000000000000000000000000000000000000000000000000000000000000000000000000000000000000000X,X0011100011111010110101101010011010011101011011101110110100110111010011011011111010111101001010100000000000000000000000000000000000000000000000000000000000000000000000000000000000000000000000000000000000000000000000000000000000000000000000000000000000X,X0110010010100111110111100101110101101110100101010111100101111001011001101011101101111100101100100101111101110100111000000000000000000000000000000000000000000000000000000000000000000000000000000000000000000000000000000000000000000000000000000000000000X,,,,
